{
  "backend": "leveldb",
  "chainHeight": 226,
  "ingestMs": 1641.5961109999998,
  "ingestSeconds": 1.641596111,
  "sampleCount": 50,
  "iterations": 3,
  "reads": {
    "summaryMs": 3.5699050000007446,
    "transactionsMs": 20.975349999999253,
    "utxosMs": 13.04442199999994,
    "summaryAvgMs": 0.02379936666667163,
    "transactionsAvgMs": 0.1398356666666617,
    "utxosAvgMs": 0.08696281333333293
  }
}