{
  "backend": "leveldb",
  "chainHeight": 226,
  "ingestMs": 2161.6561810000003,
  "ingestSeconds": 2.161656181,
  "sampleCount": 50,
  "iterations": 3,
  "reads": {
    "summaryMs": 3.7136670000004415,
    "transactionsMs": 35.21790899999996,
    "utxosMs": 15.504313999999795,
    "summaryAvgMs": 0.024757780000002942,
    "transactionsAvgMs": 0.23478605999999977,
    "utxosAvgMs": 0.10336209333333196
  }
}
