{
  "backend": "leveldb",
  "chainHeight": 226,
  "ingestMs": 1586.8057000000001,
  "ingestSeconds": 1.5868057000000002,
  "sampleCount": 50,
  "iterations": 3,
  "settings": {
    "prevoutConcurrency": 4,
    "prevoutCacheMax": 2000,
    "prevoutCacheTtlMs": 60000,
    "levelCacheMb": 32,
    "levelWriteBufferMb": 8,
    "batchBlocks": 1,
    "parallelPrevoutEnabled": true,
    "rpcMaxSockets": null
  },
  "sync": {
    "blocksProcessed": 226,
    "transactionsProcessed": 826,
    "prevoutCacheHits": 0,
    "prevoutRpcCalls": 932
  },
  "throughput": {
    "blocksPerSecond": 142.42449469396283,
    "transactionsPerSecond": 520.5426222000589
  },
  "reads": {
    "summaryMs": 4.40999399999987,
    "transactionsMs": 39.56714399999987,
    "utxosMs": 18.568207999999913,
    "summaryAvgMs": 0.029399959999999132,
    "transactionsAvgMs": 0.2637809599999991,
    "utxosAvgMs": 0.12378805333333276
  }
}
