{
  "backend": "leveldb",
  "chainHeight": 226,
  "ingestMs": 1716.3657239999998,
  "ingestSeconds": 1.7163657239999999,
  "sampleCount": 50,
  "iterations": 3,
  "sync": {
    "blocksProcessed": 226,
    "transactionsProcessed": 826,
    "prevoutCacheHits": 0,
    "prevoutRpcCalls": 991
  },
  "throughput": {
    "blocksPerSecond": 131.67356865721237,
    "transactionsPerSecond": 481.24941464981157
  },
  "reads": {
    "summaryMs": 3.430974000000333,
    "transactionsMs": 38.0742209999994,
    "utxosMs": 20.177018999999746,
    "summaryAvgMs": 0.02287316000000222,
    "transactionsAvgMs": 0.253828139999996,
    "utxosAvgMs": 0.1345134599999983
  }
}
