{
  "backend": "sqlite",
  "chainHeight": 226,
  "ingestMs": 1859.904415,
  "ingestSeconds": 1.859904415,
  "sampleCount": 50,
  "iterations": 3,
  "reads": {
    "summaryMs": 8.319122000000334,
    "transactionsMs": 15.14685899999995,
    "utxosMs": 3.488922999999886,
    "summaryAvgMs": 0.05546081333333556,
    "transactionsAvgMs": 0.10097905999999966,
    "utxosAvgMs": 0.023259486666665906
  }
}