{
  "backend": "sqlite",
  "chainHeight": 226,
  "ingestMs": 2084.509927,
  "ingestSeconds": 2.084509927,
  "sampleCount": 50,
  "iterations": 3,
  "reads": {
    "summaryMs": 7.638459999999668,
    "transactionsMs": 22.542227999999795,
    "utxosMs": 3.517891000000418,
    "summaryAvgMs": 0.050923066666664456,
    "transactionsAvgMs": 0.15028151999999864,
    "utxosAvgMs": 0.023452606666669453
  }
}
